Юлия,426532325,/hi
Юлия,426532325,/sum 1 3
Юлия,426532325,/help
Юлия,426532325,/time
Юлия,426532325,/hi
Юлия,426532325,/mult 3 3
Юлия,426532325,/mult 3.1 1.2
Юлия,426532325,/hi
Юлия,426532325,/sum 1.2 2.3
Юлия,426532325,/hi
Юлия,426532325,/sum 1.2 2.3
Юлия,426532325,/hi
Юлия,426532325,/sum
Юлия,426532325,/sum 1.1 2.5
Юлия,426532325,/sum 1.25 1.67
Юлия,426532325,/hi
Юлия,426532325,/time
Юлия,426532325,/help
Юлия,426532325,/sub
Юлия,426532325,/sub 3.4 1.2
Юлия,426532325,/mult
Юлия,426532325,/mult 7.67 9.6
Юлия,426532325,/div 3.6 5.78
Юлия,426532325,/mult
Юлия,426532325,/hi
Юлия,426532325,/sum 1 1
Юлия,426532325,/hi
Юлия,426532325,/mult
Юлия,426532325,/mult 2 2
Юлия,426532325,/hi
Юлия,426532325,/div 12 4
Юлия,426532325,/hi
